{ 
   "success":true,
   "terms":"https:\/\/currencylayer.com\/terms",
   "privacy":"https:\/\/currencylayer.com\/privacy",
   "timestamp":1574352546,
   "source":"USD",
   "quotes":{ 
      "USDAED":3.672802,
      "USDAFN":78.250295,
      "USDALL":110.899517,
      "USDAMD":476.689417,
      "USDANG":1.715252,
      "USDAOA":467.026504,
      "USDARS":59.732579,
      "USDAUD":1.471099,
      "USDAWG":1.8,
      "USDAZN":1.69161,
      "USDBAM":1.764632,
      "USDBBD":2.019398,
      "USDBDT":84.80804,
      "USDBGN":1.76436,
      "USDBHD":0.377006,
      "USDBIF":1871,
      "USDBMD":1,
      "USDBND":1.361574,
      "USDBOB":6.916046,
      "USDBRL":4.211704,
      "USDBSD":1.000135,
      "USDBTC":0.000131,
      "USDBTN":71.75702,
      "USDBWP":10.859476,
      "USDBYN":2.047187,
      "USDBYR":19600,
      "USDBZD":2.01597,
      "USDCAD":1.327595,
      "USDCDF":1664.999732,
      "USDCHF":0.991601,
      "USDCLF":0.028793,
      "USDCLP":794.401353,
      "USDCNY":7.029201,
      "USDCOP":3437,
      "USDCRC":577.20034,
      "USDCUC":1,
      "USDCUP":26.5,
      "USDCVE":99.903045,
      "USDCZK":23.06235,
      "USDDJF":177.720214,
      "USDDKK":6.749399,
      "USDDOP":52.818153,
      "USDDZD":119.879702,
      "USDEGP":16.113911,
      "USDERN":15.000215,
      "USDETB":30.232507,
      "USDEUR":0.903105,
      "USDFJD":2.18825,
      "USDFKP":0.81288,
      "USDGBP":0.774301,
      "USDGEL":2.984964,
      "USDGGP":0.774116,
      "USDGHS":5.549803,
      "USDGIP":0.81288,
      "USDGMD":51.300709,
      "USDGNF":9405.000199,
      "USDGTQ":7.717147,
      "USDGYD":208.68859,
      "USDHKD":7.82089,
      "USDHNL":24.618577,
      "USDHRK":6.716499,
      "USDHTG":97.267109,
      "USDHUF":301.573003,
      "USDIDR":14089,
      "USDILS":3.46082,
      "USDIMP":0.774116,
      "USDINR":71.7434,
      "USDIQD":1190,
      "USDIRR":42105.000226,
      "USDISK":122.94992,
      "USDJEP":0.774116,
      "USDJMD":140.55936,
      "USDJOD":0.709005,
      "USDJPY":108.557502,
      "USDKES":101.40779,
      "USDKGS":69.849741,
      "USDKHR":4055.000257,
      "USDKMF":445.224985,
      "USDKPW":900.054651,
      "USDKRW":1175.919826,
      "USDKWD":0.303701,
      "USDKYD":0.833491,
      "USDKZT":386.03329,
      "USDLAK":8860.999849,
      "USDLBP":1512.999905,
      "USDLKR":179.70253,
      "USDLRD":193.000202,
      "USDLSL":14.780168,
      "USDLTL":2.95274,
      "USDLVL":0.60489,
      "USDLYD":1.404999,
      "USDMAD":9.636503,
      "USDMDL":17.452699,
      "USDMGA":3680.570196,
      "USDMKD":55.537,
      "USDMMK":1516.732599,
      "USDMNT":2707.028061,
      "USDMOP":8.057833,
      "USDMRO":356.999516,
      "USDMUR":36.554255,
      "USDMVR":15.350269,
      "USDMWK":732.498782,
      "USDMXN":19.37704,
      "USDMYR":4.165502,
      "USDMZN":63.81011,
      "USDNAD":14.77986,
      "USDNGN":362.502416,
      "USDNIO":33.875016,
      "USDNOK":9.130245,
      "USDNPR":114.811203,
      "USDNZD":1.55877,
      "USDOMR":0.385006,
      "USDPAB":1.000135,
      "USDPEN":3.376005,
      "USDPGK":3.446384,
      "USDPHP":50.840131,
      "USDPKR":155.449756,
      "USDPLN":3.881202,
      "USDPYG":6475.842397,
      "USDQAR":3.64075,
      "USDRON":4.315098,
      "USDRSD":106.144973,
      "USDRUB":63.683503,
      "USDRWF":935,
      "USDSAR":3.750181,
      "USDSBD":8.302328,
      "USDSCR":13.699966,
      "USDSDG":45.118148,
      "USDSEK":9.636055,
      "USDSGD":1.36199,
      "USDSHP":1.320901,
      "USDSLL":9669.999837,
      "USDSOS":580.000037,
      "USDSRD":7.457975,
      "USDSTD":21560.79,
      "USDSVC":8.750846,
      "USDSYP":515.000279,
      "USDSZL":14.77945,
      "USDTHB":30.210318,
      "USDTJS":9.69811,
      "USDTMT":3.51,
      "USDTND":2.848496,
      "USDTOP":2.318101,
      "USDTRY":5.695498,
      "USDTTD":6.771958,
      "USDTWD":30.518962,
      "USDTZS":2303.402352,
      "USDUAH":24.171696,
      "USDUGX":3687.553598,
      "USDUSD":1,
      "USDUYU":37.680335,
      "USDUZS":9511.462993,
      "USDVEF":9.987499,
      "USDVND":23208.5,
      "USDVUV":117.463207,
      "USDWST":2.664902,
      "USDXAF":591.832004,
      "USDXAG":0.058307,
      "USDXAU":0.000681,
      "USDXCD":2.70255,
      "USDXDR":0.726584,
      "USDXOF":591.831962,
      "USDXPF":108.295377,
      "USDYER":250.350264,
      "USDZAR":14.692775,
      "USDZMK":9001.192727,
      "USDZMW":14.21717,
      "USDZWL":322.000001
   }
}